Community,Chicken,Goat
Rural,61.33333333,18.66666667
Urban,61.58940397,32.45033113