Community,Chicken,Goat
Rural,45.38461538,16.15384615
Urban,52.66272189,27.81065089